{
  "limits": [
    [
      [
        -166.0030517578125,
        166.0030517578125
      ],
      [
        -101.00099182128906,
        101.00099182128906
      ],
      [
        -166.0030517578125,
        166.0030517578125
      ],
      [
        -176.00115966796875,
        -3.9992449283599854
      ],
      [
        -166.0030517578125,
        166.0030517578125
      ],
      [
        -1.0026761293411255,
        215.00241088867188
      ],
      [
        -166.0030517578125,
        166.0030517578125
      ]
    ]
  ],
  "num_dof": 7,
  "max_velocity": [
    [
      124.61831665039062,
      124.61831665039062,
      124.61831665039062,
      124.61831665039062,
      149.54197692871094,
      149.54197692871094,
      149.54197692871094
    ]
  ],
  "Joint 1": [
    {
      "axis": "X",
      "lower": -166.0030517578125,
      "pos": [
        0.0,
        0.0,
        33.29999923706055
      ],
      "rot": [
        0.7071067690849304,
        0.0,
        -0.7071067690849304,
        0.0
      ],
      "upper": 166.0030517578125,
      "val": 0,
      "vel": 124.61831665039062
    }
  ],
  "Joint 2": [
    {
      "axis": "X",
      "lower": -101.00099182128906,
      "pos": [
        0.0,
        0.0,
        0.0
      ],
      "rot": [
        0.7071067690849304,
        0.0,
        -0.7071067690849304,
        0.0
      ],
      "upper": 101.00099182128906,
      "val": 0,
      "vel": 124.61831665039062
    }
  ],
  "Joint 3": [
    {
      "axis": "X",
      "lower": -166.0030517578125,
      "pos": [
        0.0,
        -31.60000228881836,
        0.0
      ],
      "rot": [
        0.7071067690849304,
        0.0,
        -0.7071067690849304,
        0.0
      ],
      "upper": 166.0030517578125,
      "val": 0,
      "vel": 124.61831665039062
    }
  ],
  "Joint 4": [
    {
      "axis": "X",
      "lower": -176.00115966796875,
      "pos": [
        8.25,
        0.0,
        0.0
      ],
      "rot": [
        0.7071067690849304,
        0.0,
        -0.7071067690849304,
        0.0
      ],
      "upper": -3.9992449283599854,
      "val": 0,
      "vel": 124.61831665039062
    }
  ],
  "Joint 5": [
    {
      "axis": "X",
      "lower": -166.0030517578125,
      "pos": [
        -8.25,
        38.400001525878906,
        0.0
      ],
      "rot": [
        0.7071067690849304,
        0.0,
        -0.7071067690849304,
        0.0
      ],
      "upper": 166.0030517578125,
      "val": 0,
      "vel": 149.54197692871094
    }
  ],
  "Joint 6": [
    {
      "axis": "X",
      "lower": -1.0026761293411255,
      "pos": [
        0.0,
        0.0,
        0.0
      ],
      "rot": [
        0.7071067690849304,
        0.0,
        -0.7071067690849304,
        0.0
      ],
      "upper": 215.00241088867188,
      "val": 0,
      "vel": 149.54197692871094
    }
  ],
  "Joint 7": [
    {
      "axis": "X",
      "lower": -166.0030517578125,
      "pos": [
        8.800000190734863,
        0.0,
        0.0
      ],
      "rot": [
        0.7071067690849304,
        0.0,
        -0.7071067690849304,
        0.0
      ],
      "upper": 166.0030517578125,
      "val": 0,
      "vel": 149.54197692871094
    }
  ]
}